{"cameraMode":{"drawMode":0,"name":"Shaded","section":"Shading Mode"},"sceneLighting":true,"audioPlay":false,"sceneViewState":{"showFog":true,"showMaterialUpdate":false,"showSkybox":true,"showFlares":true,"showImageEffects":true,"showParticleSystems":true,"showVisualEffectGraphs":true,"m_FxEnabled":true},"in2DMode":false,"pivot":{"x":-3.86944842338562,"y":1.2311418056488038,"z":-2.1707491874694826},"rotation":{"x":0.007818697020411492,"y":-0.9577764868736267,"z":0.026162706315517427,"w":0.2862209677696228},"size":3.9003589153289797,"orthographic":false}